Time,Function,Symbol,Error
2024-02-03 13:56:28,add_monthly_stock_data,GPI,single positional indexer is out-of-bounds
2024-02-03 13:56:28,add_monthly_stock_data,GPI,single positional indexer is out-of-bounds
2024-02-03 13:56:28,add_monthly_stock_data,GPI,single positional indexer is out-of-bounds
2024-02-03 13:56:28,add_monthly_stock_data,GPI,single positional indexer is out-of-bounds
2024-02-03 13:56:28,add_monthly_stock_data,GPI,single positional indexer is out-of-bounds
2024-02-03 13:56:28,add_monthly_stock_data,GPI,single positional indexer is out-of-bounds
2024-02-03 13:56:28,add_monthly_stock_data,GPI,single positional indexer is out-of-bounds
2024-02-03 13:56:28,add_monthly_stock_data,GPI,single positional indexer is out-of-bounds
2024-02-03 13:56:28,add_monthly_stock_data,GPI,single positional indexer is out-of-bounds
2024-02-03 13:56:28,add_monthly_stock_data,GPI,single positional indexer is out-of-bounds
2024-02-03 13:56:28,add_monthly_stock_data,GPI,single positional indexer is out-of-bounds
2024-02-03 13:56:29,add_monthly_stock_data,GPI,single positional indexer is out-of-bounds
2024-02-03 13:56:29,add_monthly_stock_data,GPI,single positional indexer is out-of-bounds
2024-02-03 13:56:29,add_monthly_stock_data,GPI,single positional indexer is out-of-bounds
2024-02-03 13:56:29,add_monthly_stock_data,GPI,single positional indexer is out-of-bounds
2024-02-03 13:56:29,add_monthly_stock_data,GPI,single positional indexer is out-of-bounds
2024-02-03 13:56:29,add_monthly_stock_data,GPI,single positional indexer is out-of-bounds
2024-02-03 13:56:29,add_monthly_stock_data,GPI,single positional indexer is out-of-bounds
2024-02-03 13:56:29,add_monthly_stock_data,GPI,single positional indexer is out-of-bounds
2024-02-03 13:56:29,add_monthly_stock_data,GPI,single positional indexer is out-of-bounds
2024-02-03 13:56:29,add_monthly_stock_data,GPI,single positional indexer is out-of-bounds
2024-02-03 13:56:29,add_monthly_stock_data,GPI,single positional indexer is out-of-bounds
2024-02-03 13:56:29,add_monthly_stock_data,GPI,single positional indexer is out-of-bounds
2024-02-03 13:56:29,add_monthly_stock_data,GPI,single positional indexer is out-of-bounds
2024-02-03 13:56:29,add_monthly_stock_data,GPI,single positional indexer is out-of-bounds
2024-02-03 13:56:29,add_monthly_stock_data,GPI,single positional indexer is out-of-bounds
2024-02-03 13:56:29,add_monthly_stock_data,GPI,single positional indexer is out-of-bounds
2024-02-03 13:56:29,add_monthly_stock_data,GPI,single positional indexer is out-of-bounds
2024-02-03 13:56:29,add_monthly_stock_data,GPI,single positional indexer is out-of-bounds
2024-02-03 13:56:29,add_monthly_stock_data,GPI,single positional indexer is out-of-bounds
2024-02-03 13:56:29,add_monthly_stock_data,GPI,single positional indexer is out-of-bounds
2024-02-03 13:56:30,add_monthly_stock_data,AREB,single positional indexer is out-of-bounds
2024-02-03 13:56:30,add_monthly_stock_data,AREB,single positional indexer is out-of-bounds
2024-02-03 13:56:30,add_monthly_stock_data,AREB,single positional indexer is out-of-bounds
2024-02-03 13:56:30,add_monthly_stock_data,AREB,single positional indexer is out-of-bounds
2024-02-03 13:56:30,add_monthly_stock_data,AREB,single positional indexer is out-of-bounds
2024-02-03 13:56:30,add_monthly_stock_data,AREB,single positional indexer is out-of-bounds
2024-02-03 13:56:30,add_monthly_stock_data,AREB,single positional indexer is out-of-bounds
2024-02-03 13:56:30,add_monthly_stock_data,AREB,single positional indexer is out-of-bounds
2024-02-03 13:56:30,add_monthly_stock_data,AREB,single positional indexer is out-of-bounds
2024-02-03 13:56:30,add_monthly_stock_data,AREB,single positional indexer is out-of-bounds
2024-02-03 13:56:30,add_monthly_stock_data,AREB,single positional indexer is out-of-bounds
2024-02-03 13:56:30,add_monthly_stock_data,AREB,single positional indexer is out-of-bounds
2024-02-03 13:56:30,add_monthly_stock_data,AREB,single positional indexer is out-of-bounds
2024-02-03 13:56:30,add_monthly_stock_data,AREB,single positional indexer is out-of-bounds
2024-02-03 13:56:30,add_monthly_stock_data,AREB,single positional indexer is out-of-bounds
2024-02-03 13:56:30,add_monthly_stock_data,AREB,single positional indexer is out-of-bounds
2024-02-03 13:56:30,add_monthly_stock_data,AREB,single positional indexer is out-of-bounds
2024-02-03 13:56:30,add_monthly_stock_data,AREB,single positional indexer is out-of-bounds
2024-02-03 13:56:30,add_monthly_stock_data,AREB,single positional indexer is out-of-bounds
2024-02-03 13:56:30,add_monthly_stock_data,AREB,single positional indexer is out-of-bounds
2024-02-03 13:56:30,add_monthly_stock_data,AREB,single positional indexer is out-of-bounds
2024-02-03 13:56:31,add_monthly_stock_data,AREB,single positional indexer is out-of-bounds
2024-02-03 13:56:31,add_monthly_stock_data,AREB,single positional indexer is out-of-bounds
2024-02-03 13:56:31,add_monthly_stock_data,AREB,single positional indexer is out-of-bounds
2024-02-03 13:56:31,add_monthly_stock_data,AREB,single positional indexer is out-of-bounds
2024-02-03 13:56:32,add_monthly_stock_data,IP,single positional indexer is out-of-bounds
2024-02-03 13:56:32,add_monthly_stock_data,IP,single positional indexer is out-of-bounds
2024-02-03 13:56:32,add_monthly_stock_data,IP,single positional indexer is out-of-bounds
2024-02-03 13:56:32,add_monthly_stock_data,IP,single positional indexer is out-of-bounds
2024-02-03 13:56:32,add_monthly_stock_data,IP,single positional indexer is out-of-bounds
2024-02-03 13:56:32,add_monthly_stock_data,IP,single positional indexer is out-of-bounds
2024-02-03 13:56:32,add_monthly_stock_data,IP,single positional indexer is out-of-bounds
2024-02-03 13:56:32,add_monthly_stock_data,IP,single positional indexer is out-of-bounds
2024-02-03 13:56:32,add_monthly_stock_data,IP,single positional indexer is out-of-bounds
2024-02-03 13:56:32,add_monthly_stock_data,IP,single positional indexer is out-of-bounds
2024-02-03 13:56:32,add_monthly_stock_data,IP,single positional indexer is out-of-bounds
2024-02-03 13:56:32,add_monthly_stock_data,IP,single positional indexer is out-of-bounds
2024-02-03 13:56:32,add_monthly_stock_data,IP,single positional indexer is out-of-bounds
2024-02-03 13:56:32,add_monthly_stock_data,IP,single positional indexer is out-of-bounds
2024-02-03 13:56:32,add_monthly_stock_data,IP,single positional indexer is out-of-bounds
2024-02-03 13:56:32,add_monthly_stock_data,IP,single positional indexer is out-of-bounds
2024-02-03 13:56:32,add_monthly_stock_data,IP,single positional indexer is out-of-bounds
2024-02-03 13:56:32,add_monthly_stock_data,IP,single positional indexer is out-of-bounds
2024-02-03 13:56:32,add_monthly_stock_data,IP,single positional indexer is out-of-bounds
2024-02-03 13:56:32,add_monthly_stock_data,IP,single positional indexer is out-of-bounds
2024-02-03 13:56:32,add_monthly_stock_data,IP,single positional indexer is out-of-bounds
2024-02-03 13:56:32,add_monthly_stock_data,IP,single positional indexer is out-of-bounds
2024-02-03 13:56:32,add_monthly_stock_data,IP,single positional indexer is out-of-bounds
2024-02-03 13:56:32,add_monthly_stock_data,IP,single positional indexer is out-of-bounds
2024-02-03 13:56:32,add_monthly_stock_data,IP,single positional indexer is out-of-bounds
2024-02-03 13:56:32,add_monthly_stock_data,IP,single positional indexer is out-of-bounds
2024-02-03 13:56:32,add_monthly_stock_data,IP,single positional indexer is out-of-bounds
2024-02-03 13:56:32,add_monthly_stock_data,IP,single positional indexer is out-of-bounds
2024-02-03 13:56:32,add_monthly_stock_data,IP,single positional indexer is out-of-bounds
2024-02-03 13:56:32,add_monthly_stock_data,IP,single positional indexer is out-of-bounds
2024-02-03 13:56:32,add_monthly_stock_data,IP,single positional indexer is out-of-bounds
2024-02-03 13:56:36,add_monthly_stock_data,DAC,single positional indexer is out-of-bounds
2024-02-03 13:56:36,add_monthly_stock_data,DAC,single positional indexer is out-of-bounds
2024-02-03 13:56:36,add_monthly_stock_data,DAC,single positional indexer is out-of-bounds
2024-02-03 13:56:36,add_monthly_stock_data,DAC,single positional indexer is out-of-bounds
2024-02-03 13:56:36,add_monthly_stock_data,DAC,single positional indexer is out-of-bounds
2024-02-03 13:56:36,add_monthly_stock_data,DAC,single positional indexer is out-of-bounds
2024-02-03 13:56:36,add_monthly_stock_data,DAC,single positional indexer is out-of-bounds
2024-02-03 13:56:36,add_monthly_stock_data,DAC,single positional indexer is out-of-bounds
2024-02-03 13:56:36,add_monthly_stock_data,DAC,single positional indexer is out-of-bounds
2024-02-03 13:56:36,add_monthly_stock_data,DAC,single positional indexer is out-of-bounds
2024-02-03 13:56:36,add_monthly_stock_data,DAC,single positional indexer is out-of-bounds
2024-02-03 13:56:36,add_monthly_stock_data,DAC,single positional indexer is out-of-bounds
2024-02-03 13:56:36,add_monthly_stock_data,DAC,single positional indexer is out-of-bounds
2024-02-03 13:56:36,add_monthly_stock_data,DAC,single positional indexer is out-of-bounds
2024-02-03 13:56:36,add_monthly_stock_data,DAC,single positional indexer is out-of-bounds
2024-02-03 13:56:36,add_monthly_stock_data,DAC,single positional indexer is out-of-bounds
2024-02-03 13:56:36,add_monthly_stock_data,DAC,single positional indexer is out-of-bounds
2024-02-03 13:56:36,add_monthly_stock_data,DAC,single positional indexer is out-of-bounds
2024-02-03 13:56:36,add_monthly_stock_data,DAC,single positional indexer is out-of-bounds
2024-02-03 13:56:36,add_monthly_stock_data,DAC,single positional indexer is out-of-bounds
2024-02-03 13:56:36,add_monthly_stock_data,DAC,single positional indexer is out-of-bounds
2024-02-03 13:56:36,add_monthly_stock_data,DAC,single positional indexer is out-of-bounds
2024-02-03 13:56:36,add_monthly_stock_data,DAC,single positional indexer is out-of-bounds
2024-02-03 13:56:36,add_monthly_stock_data,DAC,single positional indexer is out-of-bounds
2024-02-03 13:56:36,add_monthly_stock_data,DAC,single positional indexer is out-of-bounds
2024-02-03 13:56:36,add_monthly_stock_data,DAC,single positional indexer is out-of-bounds
2024-02-03 13:56:36,add_monthly_stock_data,DAC,single positional indexer is out-of-bounds
2024-02-03 13:56:36,add_monthly_stock_data,DAC,single positional indexer is out-of-bounds
2024-02-03 13:56:36,add_monthly_stock_data,DAC,single positional indexer is out-of-bounds
2024-02-03 13:56:36,add_monthly_stock_data,DAC,single positional indexer is out-of-bounds
2024-02-03 13:56:36,add_monthly_stock_data,DAC,single positional indexer is out-of-bounds
2024-02-03 13:56:38,add_monthly_stock_data,DE,single positional indexer is out-of-bounds
2024-02-03 13:56:38,add_monthly_stock_data,DE,single positional indexer is out-of-bounds
2024-02-03 13:56:38,add_monthly_stock_data,DE,single positional indexer is out-of-bounds
2024-02-03 13:56:38,add_monthly_stock_data,DE,single positional indexer is out-of-bounds
2024-02-03 13:56:38,add_monthly_stock_data,DE,single positional indexer is out-of-bounds
2024-02-03 13:56:38,add_monthly_stock_data,DE,single positional indexer is out-of-bounds
2024-02-03 13:56:38,add_monthly_stock_data,DE,single positional indexer is out-of-bounds
2024-02-03 13:56:38,add_monthly_stock_data,DE,single positional indexer is out-of-bounds
2024-02-03 13:56:38,add_monthly_stock_data,DE,single positional indexer is out-of-bounds
2024-02-03 13:56:38,add_monthly_stock_data,DE,single positional indexer is out-of-bounds
2024-02-03 13:56:38,add_monthly_stock_data,DE,single positional indexer is out-of-bounds
2024-02-03 13:56:38,add_monthly_stock_data,DE,single positional indexer is out-of-bounds
2024-02-03 13:56:38,add_monthly_stock_data,DE,single positional indexer is out-of-bounds
2024-02-03 13:56:38,add_monthly_stock_data,DE,single positional indexer is out-of-bounds
2024-02-03 13:56:38,add_monthly_stock_data,DE,single positional indexer is out-of-bounds
2024-02-03 13:56:38,add_monthly_stock_data,DE,single positional indexer is out-of-bounds
2024-02-03 13:56:38,add_monthly_stock_data,DE,single positional indexer is out-of-bounds
2024-02-03 13:56:38,add_monthly_stock_data,DE,single positional indexer is out-of-bounds
2024-02-03 13:56:38,add_monthly_stock_data,DE,single positional indexer is out-of-bounds
2024-02-03 13:56:38,add_monthly_stock_data,DE,single positional indexer is out-of-bounds
2024-02-03 13:56:38,add_monthly_stock_data,DE,single positional indexer is out-of-bounds
2024-02-03 13:56:38,add_monthly_stock_data,DE,single positional indexer is out-of-bounds
2024-02-03 13:56:38,add_monthly_stock_data,DE,single positional indexer is out-of-bounds
2024-02-03 13:56:38,add_monthly_stock_data,DE,single positional indexer is out-of-bounds
2024-02-03 13:56:38,add_monthly_stock_data,DE,single positional indexer is out-of-bounds
2024-02-03 13:56:38,add_monthly_stock_data,DE,single positional indexer is out-of-bounds
2024-02-03 13:56:38,add_monthly_stock_data,DE,single positional indexer is out-of-bounds
2024-02-03 13:56:38,add_monthly_stock_data,DE,single positional indexer is out-of-bounds
2024-02-03 13:56:38,add_monthly_stock_data,DE,single positional indexer is out-of-bounds
2024-02-03 13:56:38,add_monthly_stock_data,DE,single positional indexer is out-of-bounds
2024-02-03 13:56:38,add_monthly_stock_data,DE,single positional indexer is out-of-bounds
2024-02-03 13:56:39,add_monthly_stock_data,ASO,single positional indexer is out-of-bounds
2024-02-03 13:56:39,add_monthly_stock_data,ASO,single positional indexer is out-of-bounds
2024-02-03 13:56:39,add_monthly_stock_data,ASO,single positional indexer is out-of-bounds
2024-02-03 13:56:39,add_monthly_stock_data,ASO,single positional indexer is out-of-bounds
2024-02-03 13:56:39,add_monthly_stock_data,ASO,single positional indexer is out-of-bounds
2024-02-03 13:56:39,add_monthly_stock_data,ASO,single positional indexer is out-of-bounds
2024-02-03 13:56:39,add_monthly_stock_data,ASO,single positional indexer is out-of-bounds
2024-02-03 13:56:39,add_monthly_stock_data,ASO,single positional indexer is out-of-bounds
2024-02-03 13:56:39,add_monthly_stock_data,ASO,single positional indexer is out-of-bounds
2024-02-03 13:56:39,add_monthly_stock_data,ASO,single positional indexer is out-of-bounds
2024-02-03 13:56:39,add_monthly_stock_data,ASO,single positional indexer is out-of-bounds
2024-02-03 13:56:39,add_monthly_stock_data,ASO,single positional indexer is out-of-bounds
2024-02-03 13:56:39,add_monthly_stock_data,ASO,single positional indexer is out-of-bounds
2024-02-03 13:56:40,add_monthly_stock_data,ASO,single positional indexer is out-of-bounds
2024-02-03 13:56:40,add_monthly_stock_data,ASO,single positional indexer is out-of-bounds
2024-02-03 13:56:40,add_monthly_stock_data,ASO,single positional indexer is out-of-bounds
2024-02-03 13:56:40,add_monthly_stock_data,ASO,single positional indexer is out-of-bounds
2024-02-03 13:56:40,add_monthly_stock_data,ASO,single positional indexer is out-of-bounds
2024-02-03 13:56:40,add_monthly_stock_data,ASO,single positional indexer is out-of-bounds
2024-02-03 13:56:40,add_monthly_stock_data,ASO,single positional indexer is out-of-bounds
2024-02-03 13:56:40,add_monthly_stock_data,ASO,single positional indexer is out-of-bounds
2024-02-03 13:56:40,add_monthly_stock_data,ASO,single positional indexer is out-of-bounds
2024-02-03 13:56:40,add_monthly_stock_data,ASO,single positional indexer is out-of-bounds
2024-02-03 13:56:40,add_monthly_stock_data,ASO,single positional indexer is out-of-bounds
2024-02-03 13:56:40,add_monthly_stock_data,ASO,single positional indexer is out-of-bounds
2024-02-03 13:56:40,add_monthly_stock_data,ASO,single positional indexer is out-of-bounds
2024-02-03 13:56:40,add_monthly_stock_data,ASO,single positional indexer is out-of-bounds
2024-02-03 13:56:40,add_monthly_stock_data,ASO,single positional indexer is out-of-bounds
2024-02-03 13:56:40,add_monthly_stock_data,ASO,single positional indexer is out-of-bounds
2024-02-03 13:56:40,add_monthly_stock_data,ASO,single positional indexer is out-of-bounds
2024-02-03 13:56:40,add_monthly_stock_data,ASO,single positional indexer is out-of-bounds
2024-02-03 13:56:41,add_monthly_stock_data,IDT,single positional indexer is out-of-bounds
2024-02-03 13:56:41,add_monthly_stock_data,IDT,single positional indexer is out-of-bounds
2024-02-03 13:56:41,add_monthly_stock_data,IDT,single positional indexer is out-of-bounds
2024-02-03 13:56:41,add_monthly_stock_data,IDT,single positional indexer is out-of-bounds
2024-02-03 13:56:41,add_monthly_stock_data,IDT,single positional indexer is out-of-bounds
2024-02-03 13:56:41,add_monthly_stock_data,IDT,single positional indexer is out-of-bounds
2024-02-03 13:56:42,add_monthly_stock_data,IDT,single positional indexer is out-of-bounds
2024-02-03 13:56:42,add_monthly_stock_data,IDT,single positional indexer is out-of-bounds
2024-02-03 13:56:42,add_monthly_stock_data,IDT,single positional indexer is out-of-bounds
2024-02-03 13:56:42,add_monthly_stock_data,IDT,single positional indexer is out-of-bounds
2024-02-03 13:56:42,add_monthly_stock_data,IDT,single positional indexer is out-of-bounds
2024-02-03 13:56:42,add_monthly_stock_data,IDT,single positional indexer is out-of-bounds
2024-02-03 13:56:42,add_monthly_stock_data,IDT,single positional indexer is out-of-bounds
2024-02-03 13:56:42,add_monthly_stock_data,IDT,single positional indexer is out-of-bounds
2024-02-03 13:56:42,add_monthly_stock_data,IDT,single positional indexer is out-of-bounds
2024-02-03 13:56:42,add_monthly_stock_data,IDT,single positional indexer is out-of-bounds
2024-02-03 13:56:42,add_monthly_stock_data,IDT,single positional indexer is out-of-bounds
2024-02-03 13:56:42,add_monthly_stock_data,IDT,single positional indexer is out-of-bounds
2024-02-03 13:56:42,add_monthly_stock_data,IDT,single positional indexer is out-of-bounds
2024-02-03 13:56:42,add_monthly_stock_data,IDT,single positional indexer is out-of-bounds
2024-02-03 13:56:42,add_monthly_stock_data,IDT,single positional indexer is out-of-bounds
2024-02-03 13:56:42,add_monthly_stock_data,IDT,single positional indexer is out-of-bounds
2024-02-03 13:56:42,add_monthly_stock_data,IDT,single positional indexer is out-of-bounds
2024-02-03 13:56:42,add_monthly_stock_data,IDT,single positional indexer is out-of-bounds
2024-02-03 13:56:42,add_monthly_stock_data,IDT,single positional indexer is out-of-bounds
2024-02-03 13:56:42,add_monthly_stock_data,IDT,single positional indexer is out-of-bounds
2024-02-03 13:56:42,add_monthly_stock_data,IDT,single positional indexer is out-of-bounds
2024-02-03 13:56:42,add_monthly_stock_data,IDT,single positional indexer is out-of-bounds
2024-02-03 13:56:42,add_monthly_stock_data,IDT,single positional indexer is out-of-bounds
2024-02-03 13:56:42,add_monthly_stock_data,IDT,single positional indexer is out-of-bounds
2024-02-03 13:56:42,add_monthly_stock_data,IDT,single positional indexer is out-of-bounds
2024-02-03 13:56:53,add_monthly_stock_data,VRTV,Invalid file path or buffer object type: <class 'NoneType'>
2024-02-03 13:56:54,add_monthly_stock_data,NEP,single positional indexer is out-of-bounds
2024-02-03 13:56:54,add_monthly_stock_data,NEP,single positional indexer is out-of-bounds
2024-02-03 13:56:54,add_monthly_stock_data,NEP,single positional indexer is out-of-bounds
2024-02-03 13:56:54,add_monthly_stock_data,NEP,single positional indexer is out-of-bounds
2024-02-03 13:56:54,add_monthly_stock_data,NEP,single positional indexer is out-of-bounds
2024-02-03 13:56:54,add_monthly_stock_data,NEP,single positional indexer is out-of-bounds
2024-02-03 13:56:54,add_monthly_stock_data,NEP,single positional indexer is out-of-bounds
2024-02-03 13:56:54,add_monthly_stock_data,NEP,single positional indexer is out-of-bounds
2024-02-03 13:56:54,add_monthly_stock_data,NEP,single positional indexer is out-of-bounds
2024-02-03 13:56:54,add_monthly_stock_data,NEP,single positional indexer is out-of-bounds
2024-02-03 13:56:54,add_monthly_stock_data,NEP,single positional indexer is out-of-bounds
2024-02-03 13:56:54,add_monthly_stock_data,NEP,single positional indexer is out-of-bounds
2024-02-03 13:56:54,add_monthly_stock_data,NEP,single positional indexer is out-of-bounds
2024-02-03 13:56:54,add_monthly_stock_data,NEP,single positional indexer is out-of-bounds
2024-02-03 13:56:54,add_monthly_stock_data,NEP,single positional indexer is out-of-bounds
2024-02-03 13:56:54,add_monthly_stock_data,NEP,single positional indexer is out-of-bounds
2024-02-03 13:56:54,add_monthly_stock_data,NEP,single positional indexer is out-of-bounds
2024-02-03 13:56:54,add_monthly_stock_data,NEP,single positional indexer is out-of-bounds
2024-02-03 13:56:54,add_monthly_stock_data,NEP,single positional indexer is out-of-bounds
2024-02-03 13:56:54,add_monthly_stock_data,NEP,single positional indexer is out-of-bounds
2024-02-03 13:56:54,add_monthly_stock_data,NEP,single positional indexer is out-of-bounds
2024-02-03 13:56:54,add_monthly_stock_data,NEP,single positional indexer is out-of-bounds
2024-02-03 13:56:54,add_monthly_stock_data,NEP,single positional indexer is out-of-bounds
2024-02-03 13:56:54,add_monthly_stock_data,NEP,single positional indexer is out-of-bounds
2024-02-03 13:56:54,add_monthly_stock_data,NEP,single positional indexer is out-of-bounds
2024-02-03 13:56:55,add_monthly_stock_data,NEP,single positional indexer is out-of-bounds
2024-02-03 13:56:55,add_monthly_stock_data,NEP,single positional indexer is out-of-bounds
2024-02-03 13:56:55,add_monthly_stock_data,NEP,single positional indexer is out-of-bounds
2024-02-03 13:56:55,add_monthly_stock_data,NEP,single positional indexer is out-of-bounds
2024-02-03 13:56:55,add_monthly_stock_data,NEP,single positional indexer is out-of-bounds
2024-02-03 13:56:55,add_monthly_stock_data,NEP,single positional indexer is out-of-bounds
2024-02-03 13:56:56,add_monthly_stock_data,ACIW,single positional indexer is out-of-bounds
2024-02-03 13:56:56,add_monthly_stock_data,ACIW,single positional indexer is out-of-bounds
2024-02-03 13:56:56,add_monthly_stock_data,ACIW,single positional indexer is out-of-bounds
2024-02-03 13:56:56,add_monthly_stock_data,ACIW,single positional indexer is out-of-bounds
2024-02-03 13:56:56,add_monthly_stock_data,ACIW,single positional indexer is out-of-bounds
2024-02-03 13:56:56,add_monthly_stock_data,ACIW,single positional indexer is out-of-bounds
2024-02-03 13:56:56,add_monthly_stock_data,ACIW,single positional indexer is out-of-bounds
2024-02-03 13:56:56,add_monthly_stock_data,ACIW,single positional indexer is out-of-bounds
2024-02-03 13:56:56,add_monthly_stock_data,ACIW,single positional indexer is out-of-bounds
2024-02-03 13:56:56,add_monthly_stock_data,ACIW,single positional indexer is out-of-bounds
2024-02-03 13:56:57,add_monthly_stock_data,ACIW,single positional indexer is out-of-bounds
2024-02-03 13:56:57,add_monthly_stock_data,ACIW,single positional indexer is out-of-bounds
2024-02-03 13:56:57,add_monthly_stock_data,ACIW,single positional indexer is out-of-bounds
2024-02-03 13:56:57,add_monthly_stock_data,ACIW,single positional indexer is out-of-bounds
2024-02-03 13:56:57,add_monthly_stock_data,ACIW,single positional indexer is out-of-bounds
2024-02-03 13:56:57,add_monthly_stock_data,ACIW,single positional indexer is out-of-bounds
2024-02-03 13:56:57,add_monthly_stock_data,ACIW,single positional indexer is out-of-bounds
2024-02-03 13:56:57,add_monthly_stock_data,ACIW,single positional indexer is out-of-bounds
2024-02-03 13:56:57,add_monthly_stock_data,ACIW,single positional indexer is out-of-bounds
2024-02-03 13:56:57,add_monthly_stock_data,ACIW,single positional indexer is out-of-bounds
2024-02-03 13:56:57,add_monthly_stock_data,ACIW,single positional indexer is out-of-bounds
2024-02-03 13:56:57,add_monthly_stock_data,ACIW,single positional indexer is out-of-bounds
2024-02-03 13:56:57,add_monthly_stock_data,ACIW,single positional indexer is out-of-bounds
2024-02-03 13:56:57,add_monthly_stock_data,ACIW,single positional indexer is out-of-bounds
2024-02-03 13:56:57,add_monthly_stock_data,ACIW,single positional indexer is out-of-bounds
2024-02-03 13:56:57,add_monthly_stock_data,ACIW,single positional indexer is out-of-bounds
2024-02-03 13:56:57,add_monthly_stock_data,ACIW,single positional indexer is out-of-bounds
2024-02-03 13:56:57,add_monthly_stock_data,ACIW,single positional indexer is out-of-bounds
2024-02-03 13:56:57,add_monthly_stock_data,ACIW,single positional indexer is out-of-bounds
2024-02-03 13:56:57,add_monthly_stock_data,ACIW,single positional indexer is out-of-bounds
2024-02-03 13:56:57,add_monthly_stock_data,ACIW,single positional indexer is out-of-bounds
2024-02-03 13:57:01,add_monthly_stock_data,BIIB,single positional indexer is out-of-bounds
2024-02-03 13:57:01,add_monthly_stock_data,BIIB,single positional indexer is out-of-bounds
2024-02-03 13:57:01,add_monthly_stock_data,BIIB,single positional indexer is out-of-bounds
2024-02-03 13:57:01,add_monthly_stock_data,BIIB,single positional indexer is out-of-bounds
2024-02-03 13:57:01,add_monthly_stock_data,BIIB,single positional indexer is out-of-bounds
2024-02-03 13:57:01,add_monthly_stock_data,BIIB,single positional indexer is out-of-bounds
2024-02-03 13:57:01,add_monthly_stock_data,BIIB,single positional indexer is out-of-bounds
2024-02-03 13:57:01,add_monthly_stock_data,BIIB,single positional indexer is out-of-bounds
2024-02-03 13:57:01,add_monthly_stock_data,BIIB,single positional indexer is out-of-bounds
2024-02-03 13:57:01,add_monthly_stock_data,BIIB,single positional indexer is out-of-bounds
2024-02-03 13:57:01,add_monthly_stock_data,BIIB,single positional indexer is out-of-bounds
2024-02-03 13:57:01,add_monthly_stock_data,BIIB,single positional indexer is out-of-bounds
2024-02-03 13:57:01,add_monthly_stock_data,BIIB,single positional indexer is out-of-bounds
2024-02-03 13:57:01,add_monthly_stock_data,BIIB,single positional indexer is out-of-bounds
2024-02-03 13:57:01,add_monthly_stock_data,BIIB,single positional indexer is out-of-bounds
2024-02-03 13:57:01,add_monthly_stock_data,BIIB,single positional indexer is out-of-bounds
2024-02-03 13:57:01,add_monthly_stock_data,BIIB,single positional indexer is out-of-bounds
2024-02-03 13:57:01,add_monthly_stock_data,BIIB,single positional indexer is out-of-bounds
2024-02-03 13:57:01,add_monthly_stock_data,BIIB,single positional indexer is out-of-bounds
2024-02-03 13:57:01,add_monthly_stock_data,BIIB,single positional indexer is out-of-bounds
2024-02-03 13:57:01,add_monthly_stock_data,BIIB,single positional indexer is out-of-bounds
2024-02-03 13:57:01,add_monthly_stock_data,BIIB,single positional indexer is out-of-bounds
2024-02-03 13:57:01,add_monthly_stock_data,BIIB,single positional indexer is out-of-bounds
2024-02-03 13:57:01,add_monthly_stock_data,BIIB,single positional indexer is out-of-bounds
2024-02-03 13:57:01,add_monthly_stock_data,BIIB,single positional indexer is out-of-bounds
2024-02-03 13:57:01,add_monthly_stock_data,BIIB,single positional indexer is out-of-bounds
2024-02-03 13:57:01,add_monthly_stock_data,BIIB,single positional indexer is out-of-bounds
2024-02-03 13:57:01,add_monthly_stock_data,BIIB,single positional indexer is out-of-bounds
2024-02-03 13:57:01,add_monthly_stock_data,BIIB,single positional indexer is out-of-bounds
2024-02-03 13:57:01,add_monthly_stock_data,BIIB,single positional indexer is out-of-bounds
2024-02-03 13:57:02,add_monthly_stock_data,BIIB,single positional indexer is out-of-bounds
2024-02-03 13:57:03,add_monthly_stock_data,JXN,single positional indexer is out-of-bounds
2024-02-03 13:57:05,add_monthly_stock_data,TDY,single positional indexer is out-of-bounds
2024-02-03 13:57:05,add_monthly_stock_data,TDY,single positional indexer is out-of-bounds
2024-02-03 13:57:05,add_monthly_stock_data,TDY,single positional indexer is out-of-bounds
2024-02-03 13:57:05,add_monthly_stock_data,TDY,single positional indexer is out-of-bounds
2024-02-03 13:57:05,add_monthly_stock_data,TDY,single positional indexer is out-of-bounds
2024-02-03 13:57:05,add_monthly_stock_data,TDY,single positional indexer is out-of-bounds
2024-02-03 13:57:05,add_monthly_stock_data,TDY,single positional indexer is out-of-bounds
2024-02-03 13:57:05,add_monthly_stock_data,TDY,single positional indexer is out-of-bounds
2024-02-03 13:57:05,add_monthly_stock_data,TDY,single positional indexer is out-of-bounds
2024-02-03 13:57:05,add_monthly_stock_data,TDY,single positional indexer is out-of-bounds
2024-02-03 13:57:05,add_monthly_stock_data,TDY,single positional indexer is out-of-bounds
2024-02-03 13:57:05,add_monthly_stock_data,TDY,single positional indexer is out-of-bounds
2024-02-03 13:57:05,add_monthly_stock_data,TDY,single positional indexer is out-of-bounds
2024-02-03 13:57:05,add_monthly_stock_data,TDY,single positional indexer is out-of-bounds
2024-02-03 13:57:05,add_monthly_stock_data,TDY,single positional indexer is out-of-bounds
2024-02-03 13:57:05,add_monthly_stock_data,TDY,single positional indexer is out-of-bounds
2024-02-03 13:57:05,add_monthly_stock_data,TDY,single positional indexer is out-of-bounds
2024-02-03 13:57:05,add_monthly_stock_data,TDY,single positional indexer is out-of-bounds
2024-02-03 13:57:05,add_monthly_stock_data,TDY,single positional indexer is out-of-bounds
2024-02-03 13:57:05,add_monthly_stock_data,TDY,single positional indexer is out-of-bounds
2024-02-03 13:57:05,add_monthly_stock_data,TDY,single positional indexer is out-of-bounds
2024-02-03 13:57:05,add_monthly_stock_data,TDY,single positional indexer is out-of-bounds
2024-02-03 13:57:05,add_monthly_stock_data,TDY,single positional indexer is out-of-bounds
2024-02-03 13:57:05,add_monthly_stock_data,TDY,single positional indexer is out-of-bounds
2024-02-03 13:57:05,add_monthly_stock_data,TDY,single positional indexer is out-of-bounds
2024-02-03 13:57:05,add_monthly_stock_data,TDY,single positional indexer is out-of-bounds
2024-02-03 13:57:05,add_monthly_stock_data,TDY,single positional indexer is out-of-bounds
2024-02-03 13:57:05,add_monthly_stock_data,TDY,single positional indexer is out-of-bounds
2024-02-03 13:57:05,add_monthly_stock_data,TDY,single positional indexer is out-of-bounds
2024-02-03 13:57:05,add_monthly_stock_data,TDY,single positional indexer is out-of-bounds
2024-02-03 13:57:05,add_monthly_stock_data,TDY,single positional indexer is out-of-bounds
2024-02-03 13:57:07,add_monthly_stock_data,ADBE,single positional indexer is out-of-bounds
2024-02-03 13:57:07,add_monthly_stock_data,ADBE,single positional indexer is out-of-bounds
2024-02-03 13:57:07,add_monthly_stock_data,ADBE,single positional indexer is out-of-bounds
2024-02-03 13:57:07,add_monthly_stock_data,ADBE,single positional indexer is out-of-bounds
2024-02-03 13:57:07,add_monthly_stock_data,ADBE,single positional indexer is out-of-bounds
2024-02-03 13:57:07,add_monthly_stock_data,ADBE,single positional indexer is out-of-bounds
2024-02-03 13:57:07,add_monthly_stock_data,ADBE,single positional indexer is out-of-bounds
2024-02-03 13:57:07,add_monthly_stock_data,ADBE,single positional indexer is out-of-bounds
2024-02-03 13:57:07,add_monthly_stock_data,ADBE,single positional indexer is out-of-bounds
2024-02-03 13:57:07,add_monthly_stock_data,ADBE,single positional indexer is out-of-bounds
2024-02-03 13:57:07,add_monthly_stock_data,ADBE,single positional indexer is out-of-bounds
2024-02-03 13:57:07,add_monthly_stock_data,ADBE,single positional indexer is out-of-bounds
2024-02-03 13:57:07,add_monthly_stock_data,ADBE,single positional indexer is out-of-bounds
2024-02-03 13:57:07,add_monthly_stock_data,ADBE,single positional indexer is out-of-bounds
2024-02-03 13:57:07,add_monthly_stock_data,ADBE,single positional indexer is out-of-bounds
2024-02-03 13:57:07,add_monthly_stock_data,ADBE,single positional indexer is out-of-bounds
2024-02-03 13:57:07,add_monthly_stock_data,ADBE,single positional indexer is out-of-bounds
2024-02-03 13:57:07,add_monthly_stock_data,ADBE,single positional indexer is out-of-bounds
2024-02-03 13:57:07,add_monthly_stock_data,ADBE,single positional indexer is out-of-bounds
2024-02-03 13:57:07,add_monthly_stock_data,ADBE,single positional indexer is out-of-bounds
2024-02-03 13:57:07,add_monthly_stock_data,ADBE,single positional indexer is out-of-bounds
2024-02-03 13:57:07,add_monthly_stock_data,ADBE,single positional indexer is out-of-bounds
2024-02-03 13:57:07,add_monthly_stock_data,ADBE,single positional indexer is out-of-bounds
2024-02-03 13:57:07,add_monthly_stock_data,ADBE,single positional indexer is out-of-bounds
2024-02-03 13:57:07,add_monthly_stock_data,ADBE,single positional indexer is out-of-bounds
2024-02-03 13:57:07,add_monthly_stock_data,ADBE,single positional indexer is out-of-bounds
2024-02-03 13:57:07,add_monthly_stock_data,ADBE,single positional indexer is out-of-bounds
2024-02-03 13:57:07,add_monthly_stock_data,ADBE,single positional indexer is out-of-bounds
2024-02-03 13:57:07,add_monthly_stock_data,ADBE,single positional indexer is out-of-bounds
2024-02-03 13:57:07,add_monthly_stock_data,ADBE,single positional indexer is out-of-bounds
2024-02-03 13:57:07,add_monthly_stock_data,ADBE,single positional indexer is out-of-bounds
2024-02-03 13:57:09,add_monthly_stock_data,ATRI,single positional indexer is out-of-bounds
2024-02-03 13:57:09,add_monthly_stock_data,ATRI,single positional indexer is out-of-bounds
2024-02-03 13:57:09,add_monthly_stock_data,ATRI,single positional indexer is out-of-bounds
2024-02-03 13:57:09,add_monthly_stock_data,ATRI,single positional indexer is out-of-bounds
2024-02-03 13:57:09,add_monthly_stock_data,ATRI,single positional indexer is out-of-bounds
2024-02-03 13:57:09,add_monthly_stock_data,ATRI,single positional indexer is out-of-bounds
2024-02-03 13:57:09,add_monthly_stock_data,ATRI,single positional indexer is out-of-bounds
2024-02-03 13:57:09,add_monthly_stock_data,ATRI,single positional indexer is out-of-bounds
2024-02-03 13:57:09,add_monthly_stock_data,ATRI,single positional indexer is out-of-bounds
2024-02-03 13:57:09,add_monthly_stock_data,ATRI,single positional indexer is out-of-bounds
2024-02-03 13:57:09,add_monthly_stock_data,ATRI,single positional indexer is out-of-bounds
2024-02-03 13:57:09,add_monthly_stock_data,ATRI,single positional indexer is out-of-bounds
2024-02-03 13:57:09,add_monthly_stock_data,ATRI,single positional indexer is out-of-bounds
2024-02-03 13:57:09,add_monthly_stock_data,ATRI,single positional indexer is out-of-bounds
2024-02-03 13:57:09,add_monthly_stock_data,ATRI,single positional indexer is out-of-bounds
2024-02-03 13:57:09,add_monthly_stock_data,ATRI,single positional indexer is out-of-bounds
2024-02-03 13:57:09,add_monthly_stock_data,ATRI,single positional indexer is out-of-bounds
2024-02-03 13:57:09,add_monthly_stock_data,ATRI,single positional indexer is out-of-bounds
2024-02-03 13:57:09,add_monthly_stock_data,ATRI,single positional indexer is out-of-bounds
2024-02-03 13:57:09,add_monthly_stock_data,ATRI,single positional indexer is out-of-bounds
2024-02-03 13:57:09,add_monthly_stock_data,ATRI,single positional indexer is out-of-bounds
2024-02-03 13:57:09,add_monthly_stock_data,ATRI,single positional indexer is out-of-bounds
2024-02-03 13:57:09,add_monthly_stock_data,ATRI,single positional indexer is out-of-bounds
2024-02-03 13:57:09,add_monthly_stock_data,ATRI,single positional indexer is out-of-bounds
2024-02-03 13:57:09,add_monthly_stock_data,ATRI,single positional indexer is out-of-bounds
2024-02-03 13:57:09,add_monthly_stock_data,ATRI,single positional indexer is out-of-bounds
2024-02-03 13:57:09,add_monthly_stock_data,ATRI,single positional indexer is out-of-bounds
2024-02-03 13:57:09,add_monthly_stock_data,ATRI,single positional indexer is out-of-bounds
2024-02-03 13:57:09,add_monthly_stock_data,ATRI,single positional indexer is out-of-bounds
2024-02-03 13:57:09,add_monthly_stock_data,ATRI,single positional indexer is out-of-bounds
2024-02-03 13:57:09,add_monthly_stock_data,ATRI,single positional indexer is out-of-bounds
2024-02-03 13:57:11,add_monthly_stock_data,FAMI,single positional indexer is out-of-bounds
2024-02-03 13:57:11,add_monthly_stock_data,FAMI,single positional indexer is out-of-bounds
2024-02-03 13:57:11,add_monthly_stock_data,FAMI,single positional indexer is out-of-bounds
2024-02-03 13:57:11,add_monthly_stock_data,FAMI,single positional indexer is out-of-bounds
2024-02-03 13:57:11,add_monthly_stock_data,FAMI,single positional indexer is out-of-bounds
2024-02-03 13:57:11,add_monthly_stock_data,FAMI,single positional indexer is out-of-bounds
2024-02-03 13:57:11,add_monthly_stock_data,FAMI,single positional indexer is out-of-bounds
2024-02-03 13:57:11,add_monthly_stock_data,FAMI,single positional indexer is out-of-bounds
2024-02-03 13:57:11,add_monthly_stock_data,FAMI,single positional indexer is out-of-bounds
2024-02-03 13:57:11,add_monthly_stock_data,FAMI,single positional indexer is out-of-bounds
2024-02-03 13:57:11,add_monthly_stock_data,FAMI,single positional indexer is out-of-bounds
2024-02-03 13:57:11,add_monthly_stock_data,FAMI,single positional indexer is out-of-bounds
2024-02-03 13:57:11,add_monthly_stock_data,FAMI,single positional indexer is out-of-bounds
2024-02-03 13:57:11,add_monthly_stock_data,FAMI,single positional indexer is out-of-bounds
2024-02-03 13:57:11,add_monthly_stock_data,FAMI,single positional indexer is out-of-bounds
2024-02-03 13:57:11,add_monthly_stock_data,FAMI,single positional indexer is out-of-bounds
2024-02-03 13:57:11,add_monthly_stock_data,FAMI,single positional indexer is out-of-bounds
2024-02-03 13:57:11,add_monthly_stock_data,FAMI,single positional indexer is out-of-bounds
2024-02-03 13:57:11,add_monthly_stock_data,FAMI,single positional indexer is out-of-bounds
2024-02-03 13:57:11,add_monthly_stock_data,FAMI,single positional indexer is out-of-bounds
2024-02-03 13:57:11,add_monthly_stock_data,FAMI,single positional indexer is out-of-bounds
2024-02-03 13:57:11,add_monthly_stock_data,FAMI,single positional indexer is out-of-bounds
2024-02-03 13:57:11,add_monthly_stock_data,FAMI,single positional indexer is out-of-bounds
2024-02-03 13:57:11,add_monthly_stock_data,FAMI,single positional indexer is out-of-bounds
2024-02-03 13:57:11,add_monthly_stock_data,FAMI,single positional indexer is out-of-bounds
2024-02-03 13:57:11,add_monthly_stock_data,FAMI,single positional indexer is out-of-bounds
2024-02-03 13:57:11,add_monthly_stock_data,FAMI,single positional indexer is out-of-bounds
2024-02-03 13:57:11,add_monthly_stock_data,FAMI,single positional indexer is out-of-bounds
2024-02-03 13:57:11,add_monthly_stock_data,FAMI,single positional indexer is out-of-bounds
2024-02-03 13:57:11,add_monthly_stock_data,FAMI,single positional indexer is out-of-bounds
2024-02-03 13:57:11,add_monthly_stock_data,FAMI,single positional indexer is out-of-bounds
2024-02-03 13:57:12,add_monthly_stock_data,TSLA,single positional indexer is out-of-bounds
2024-02-03 13:57:12,add_monthly_stock_data,TSLA,single positional indexer is out-of-bounds
2024-02-03 13:57:12,add_monthly_stock_data,TSLA,single positional indexer is out-of-bounds
2024-02-03 13:57:12,add_monthly_stock_data,TSLA,single positional indexer is out-of-bounds
2024-02-03 13:57:12,add_monthly_stock_data,TSLA,single positional indexer is out-of-bounds
2024-02-03 13:57:12,add_monthly_stock_data,TSLA,single positional indexer is out-of-bounds
2024-02-03 13:57:12,add_monthly_stock_data,TSLA,single positional indexer is out-of-bounds
2024-02-03 13:57:12,add_monthly_stock_data,TSLA,single positional indexer is out-of-bounds
2024-02-03 13:57:12,add_monthly_stock_data,TSLA,single positional indexer is out-of-bounds
2024-02-03 13:57:12,add_monthly_stock_data,TSLA,single positional indexer is out-of-bounds
2024-02-03 13:57:12,add_monthly_stock_data,TSLA,single positional indexer is out-of-bounds
2024-02-03 13:57:12,add_monthly_stock_data,TSLA,single positional indexer is out-of-bounds
2024-02-03 13:57:12,add_monthly_stock_data,TSLA,single positional indexer is out-of-bounds
2024-02-03 13:57:12,add_monthly_stock_data,TSLA,single positional indexer is out-of-bounds
2024-02-03 13:57:12,add_monthly_stock_data,TSLA,single positional indexer is out-of-bounds
2024-02-03 13:57:12,add_monthly_stock_data,TSLA,single positional indexer is out-of-bounds
2024-02-03 13:57:12,add_monthly_stock_data,TSLA,single positional indexer is out-of-bounds
2024-02-03 13:57:12,add_monthly_stock_data,TSLA,single positional indexer is out-of-bounds
2024-02-03 13:57:12,add_monthly_stock_data,TSLA,single positional indexer is out-of-bounds
2024-02-03 13:57:12,add_monthly_stock_data,TSLA,single positional indexer is out-of-bounds
2024-02-03 13:57:13,add_monthly_stock_data,TSLA,single positional indexer is out-of-bounds
2024-02-03 13:57:13,add_monthly_stock_data,TSLA,single positional indexer is out-of-bounds
2024-02-03 13:57:13,add_monthly_stock_data,TSLA,single positional indexer is out-of-bounds
2024-02-03 13:57:13,add_monthly_stock_data,TSLA,single positional indexer is out-of-bounds
2024-02-03 13:57:13,add_monthly_stock_data,TSLA,single positional indexer is out-of-bounds
2024-02-03 13:57:13,add_monthly_stock_data,TSLA,single positional indexer is out-of-bounds
2024-02-03 13:57:13,add_monthly_stock_data,TSLA,single positional indexer is out-of-bounds
2024-02-03 13:57:13,add_monthly_stock_data,TSLA,single positional indexer is out-of-bounds
2024-02-03 13:57:13,add_monthly_stock_data,TSLA,single positional indexer is out-of-bounds
2024-02-03 13:57:13,add_monthly_stock_data,TSLA,single positional indexer is out-of-bounds
2024-02-03 13:57:13,add_monthly_stock_data,TSLA,single positional indexer is out-of-bounds
2024-02-03 13:57:16,add_monthly_stock_data,ALB,single positional indexer is out-of-bounds
2024-02-03 13:57:16,add_monthly_stock_data,ALB,single positional indexer is out-of-bounds
2024-02-03 13:57:16,add_monthly_stock_data,ALB,single positional indexer is out-of-bounds
2024-02-03 13:57:16,add_monthly_stock_data,ALB,single positional indexer is out-of-bounds
2024-02-03 13:57:16,add_monthly_stock_data,ALB,single positional indexer is out-of-bounds
2024-02-03 13:57:16,add_monthly_stock_data,ALB,single positional indexer is out-of-bounds
2024-02-03 13:57:16,add_monthly_stock_data,ALB,single positional indexer is out-of-bounds
2024-02-03 13:57:16,add_monthly_stock_data,ALB,single positional indexer is out-of-bounds
2024-02-03 13:57:16,add_monthly_stock_data,ALB,single positional indexer is out-of-bounds
2024-02-03 13:57:16,add_monthly_stock_data,ALB,single positional indexer is out-of-bounds
2024-02-03 13:57:16,add_monthly_stock_data,ALB,single positional indexer is out-of-bounds
2024-02-03 13:57:16,add_monthly_stock_data,ALB,single positional indexer is out-of-bounds
2024-02-03 13:57:16,add_monthly_stock_data,ALB,single positional indexer is out-of-bounds
2024-02-03 13:57:16,add_monthly_stock_data,ALB,single positional indexer is out-of-bounds
2024-02-03 13:57:16,add_monthly_stock_data,ALB,single positional indexer is out-of-bounds
2024-02-03 13:57:16,add_monthly_stock_data,ALB,single positional indexer is out-of-bounds
2024-02-03 13:57:16,add_monthly_stock_data,ALB,single positional indexer is out-of-bounds
2024-02-03 13:57:16,add_monthly_stock_data,ALB,single positional indexer is out-of-bounds
2024-02-03 13:57:16,add_monthly_stock_data,ALB,single positional indexer is out-of-bounds
2024-02-03 13:57:16,add_monthly_stock_data,ALB,single positional indexer is out-of-bounds
2024-02-03 13:57:16,add_monthly_stock_data,ALB,single positional indexer is out-of-bounds
2024-02-03 13:57:16,add_monthly_stock_data,ALB,single positional indexer is out-of-bounds
2024-02-03 13:57:16,add_monthly_stock_data,ALB,single positional indexer is out-of-bounds
2024-02-03 13:57:16,add_monthly_stock_data,ALB,single positional indexer is out-of-bounds
2024-02-03 13:57:16,add_monthly_stock_data,ALB,single positional indexer is out-of-bounds
2024-02-03 13:57:16,add_monthly_stock_data,ALB,single positional indexer is out-of-bounds
2024-02-03 13:57:16,add_monthly_stock_data,ALB,single positional indexer is out-of-bounds
2024-02-03 13:57:16,add_monthly_stock_data,ALB,single positional indexer is out-of-bounds
2024-02-03 13:57:16,add_monthly_stock_data,ALB,single positional indexer is out-of-bounds
2024-02-03 13:57:16,add_monthly_stock_data,ALB,single positional indexer is out-of-bounds
2024-02-03 13:57:16,add_monthly_stock_data,ALB,single positional indexer is out-of-bounds
2024-02-03 13:57:20,add_monthly_stock_data,CXAI,single positional indexer is out-of-bounds
2024-02-03 13:57:20,add_monthly_stock_data,CXAI,single positional indexer is out-of-bounds
2024-02-03 13:57:20,add_monthly_stock_data,CXAI,single positional indexer is out-of-bounds
2024-02-03 13:57:20,add_monthly_stock_data,CXAI,single positional indexer is out-of-bounds
2024-02-03 13:57:20,add_monthly_stock_data,CXAI,single positional indexer is out-of-bounds
2024-02-03 13:57:20,add_monthly_stock_data,CXAI,single positional indexer is out-of-bounds
2024-02-03 13:57:20,add_monthly_stock_data,CXAI,single positional indexer is out-of-bounds
2024-02-03 13:57:20,add_monthly_stock_data,CXAI,single positional indexer is out-of-bounds
2024-02-03 13:57:20,add_monthly_stock_data,CXAI,single positional indexer is out-of-bounds
2024-02-03 13:57:20,add_monthly_stock_data,CXAI,single positional indexer is out-of-bounds
2024-02-03 13:57:20,add_monthly_stock_data,CXAI,single positional indexer is out-of-bounds
2024-02-03 13:57:20,add_monthly_stock_data,CXAI,single positional indexer is out-of-bounds
2024-02-03 13:57:20,add_monthly_stock_data,CXAI,single positional indexer is out-of-bounds
2024-02-03 13:57:20,add_monthly_stock_data,CXAI,single positional indexer is out-of-bounds
2024-02-03 13:57:20,add_monthly_stock_data,CXAI,single positional indexer is out-of-bounds
2024-02-03 13:57:20,add_monthly_stock_data,CXAI,single positional indexer is out-of-bounds
2024-02-03 13:57:20,add_monthly_stock_data,CXAI,single positional indexer is out-of-bounds
2024-02-03 13:57:20,add_monthly_stock_data,CXAI,single positional indexer is out-of-bounds
2024-02-03 13:57:20,add_monthly_stock_data,CXAI,single positional indexer is out-of-bounds
2024-02-03 13:57:20,add_monthly_stock_data,CXAI,single positional indexer is out-of-bounds
2024-02-03 13:57:20,add_monthly_stock_data,CXAI,single positional indexer is out-of-bounds
2024-02-03 13:57:20,add_monthly_stock_data,CXAI,single positional indexer is out-of-bounds
2024-02-03 13:57:20,add_monthly_stock_data,CXAI,single positional indexer is out-of-bounds
2024-02-03 13:57:20,add_monthly_stock_data,CXAI,single positional indexer is out-of-bounds
2024-02-03 13:57:20,add_monthly_stock_data,CXAI,single positional indexer is out-of-bounds
2024-02-03 13:57:20,add_monthly_stock_data,CXAI,single positional indexer is out-of-bounds
2024-02-03 13:57:20,add_monthly_stock_data,CXAI,single positional indexer is out-of-bounds
2024-02-03 13:57:20,add_monthly_stock_data,CXAI,single positional indexer is out-of-bounds
2024-02-03 13:57:20,add_monthly_stock_data,CXAI,single positional indexer is out-of-bounds
2024-02-03 13:57:20,add_monthly_stock_data,CXAI,single positional indexer is out-of-bounds
2024-02-03 13:57:20,add_monthly_stock_data,CXAI,single positional indexer is out-of-bounds
2024-02-03 13:57:22,add_monthly_stock_data,ATKR,single positional indexer is out-of-bounds
2024-02-03 13:57:22,add_monthly_stock_data,ATKR,single positional indexer is out-of-bounds
2024-02-03 13:57:22,add_monthly_stock_data,ATKR,single positional indexer is out-of-bounds
2024-02-03 13:57:22,add_monthly_stock_data,ATKR,single positional indexer is out-of-bounds
2024-02-03 13:57:22,add_monthly_stock_data,ATKR,single positional indexer is out-of-bounds
2024-02-03 13:57:22,add_monthly_stock_data,ATKR,single positional indexer is out-of-bounds
2024-02-03 13:57:22,add_monthly_stock_data,ATKR,single positional indexer is out-of-bounds
2024-02-03 13:57:22,add_monthly_stock_data,ATKR,single positional indexer is out-of-bounds
2024-02-03 13:57:22,add_monthly_stock_data,ATKR,single positional indexer is out-of-bounds
2024-02-03 13:57:22,add_monthly_stock_data,ATKR,single positional indexer is out-of-bounds
2024-02-03 13:57:22,add_monthly_stock_data,ATKR,single positional indexer is out-of-bounds
2024-02-03 13:57:22,add_monthly_stock_data,ATKR,single positional indexer is out-of-bounds
2024-02-03 13:57:22,add_monthly_stock_data,ATKR,single positional indexer is out-of-bounds
2024-02-03 13:57:22,add_monthly_stock_data,ATKR,single positional indexer is out-of-bounds
2024-02-03 13:57:22,add_monthly_stock_data,ATKR,single positional indexer is out-of-bounds
2024-02-03 13:57:22,add_monthly_stock_data,ATKR,single positional indexer is out-of-bounds
2024-02-03 13:57:22,add_monthly_stock_data,ATKR,single positional indexer is out-of-bounds
2024-02-03 13:57:22,add_monthly_stock_data,ATKR,single positional indexer is out-of-bounds
2024-02-03 13:57:22,add_monthly_stock_data,ATKR,single positional indexer is out-of-bounds
2024-02-03 13:57:22,add_monthly_stock_data,ATKR,single positional indexer is out-of-bounds
2024-02-03 13:57:22,add_monthly_stock_data,ATKR,single positional indexer is out-of-bounds
2024-02-03 13:57:22,add_monthly_stock_data,ATKR,single positional indexer is out-of-bounds
2024-02-03 13:57:22,add_monthly_stock_data,ATKR,single positional indexer is out-of-bounds
2024-02-03 13:57:22,add_monthly_stock_data,ATKR,single positional indexer is out-of-bounds
2024-02-03 13:57:22,add_monthly_stock_data,ATKR,single positional indexer is out-of-bounds
2024-02-03 13:57:22,add_monthly_stock_data,ATKR,single positional indexer is out-of-bounds
2024-02-03 13:57:22,add_monthly_stock_data,ATKR,single positional indexer is out-of-bounds
2024-02-03 13:57:22,add_monthly_stock_data,ATKR,single positional indexer is out-of-bounds
2024-02-03 13:57:22,add_monthly_stock_data,ATKR,single positional indexer is out-of-bounds
2024-02-03 13:57:22,add_monthly_stock_data,ATKR,single positional indexer is out-of-bounds
2024-02-03 13:57:22,add_monthly_stock_data,ATKR,single positional indexer is out-of-bounds
2024-02-03 13:57:23,add_monthly_stock_data,CACC,single positional indexer is out-of-bounds
2024-02-03 13:57:23,add_monthly_stock_data,CACC,single positional indexer is out-of-bounds
2024-02-03 13:57:23,add_monthly_stock_data,CACC,single positional indexer is out-of-bounds
2024-02-03 13:57:23,add_monthly_stock_data,CACC,single positional indexer is out-of-bounds
2024-02-03 13:57:23,add_monthly_stock_data,CACC,single positional indexer is out-of-bounds
2024-02-03 13:57:23,add_monthly_stock_data,CACC,single positional indexer is out-of-bounds
2024-02-03 13:57:23,add_monthly_stock_data,CACC,single positional indexer is out-of-bounds
2024-02-03 13:57:23,add_monthly_stock_data,CACC,single positional indexer is out-of-bounds
2024-02-03 13:57:23,add_monthly_stock_data,CACC,single positional indexer is out-of-bounds
2024-02-03 13:57:23,add_monthly_stock_data,CACC,single positional indexer is out-of-bounds
2024-02-03 13:57:23,add_monthly_stock_data,CACC,single positional indexer is out-of-bounds
2024-02-03 13:57:23,add_monthly_stock_data,CACC,single positional indexer is out-of-bounds
2024-02-03 13:57:23,add_monthly_stock_data,CACC,single positional indexer is out-of-bounds
2024-02-03 13:57:23,add_monthly_stock_data,CACC,single positional indexer is out-of-bounds
2024-02-03 13:57:23,add_monthly_stock_data,CACC,single positional indexer is out-of-bounds
2024-02-03 13:57:23,add_monthly_stock_data,CACC,single positional indexer is out-of-bounds
2024-02-03 13:57:23,add_monthly_stock_data,CACC,single positional indexer is out-of-bounds
2024-02-03 13:57:24,add_monthly_stock_data,CACC,single positional indexer is out-of-bounds
2024-02-03 13:57:24,add_monthly_stock_data,CACC,single positional indexer is out-of-bounds
2024-02-03 13:57:24,add_monthly_stock_data,CACC,single positional indexer is out-of-bounds
2024-02-03 13:57:24,add_monthly_stock_data,CACC,single positional indexer is out-of-bounds
2024-02-03 13:57:24,add_monthly_stock_data,CACC,single positional indexer is out-of-bounds
2024-02-03 13:57:24,add_monthly_stock_data,CACC,single positional indexer is out-of-bounds
2024-02-03 13:57:24,add_monthly_stock_data,CACC,single positional indexer is out-of-bounds
2024-02-03 13:57:24,add_monthly_stock_data,CACC,single positional indexer is out-of-bounds
2024-02-03 13:57:24,add_monthly_stock_data,CACC,single positional indexer is out-of-bounds
2024-02-03 13:57:24,add_monthly_stock_data,CACC,single positional indexer is out-of-bounds
2024-02-03 13:57:24,add_monthly_stock_data,CACC,single positional indexer is out-of-bounds
2024-02-03 13:57:24,add_monthly_stock_data,CACC,single positional indexer is out-of-bounds
2024-02-03 13:57:24,add_monthly_stock_data,CACC,single positional indexer is out-of-bounds
2024-02-03 13:57:24,add_monthly_stock_data,CACC,single positional indexer is out-of-bounds
2024-02-03 13:57:25,add_monthly_stock_data,UTHR,single positional indexer is out-of-bounds
2024-02-03 13:57:25,add_monthly_stock_data,UTHR,single positional indexer is out-of-bounds
2024-02-03 13:57:25,add_monthly_stock_data,UTHR,single positional indexer is out-of-bounds
2024-02-03 13:57:25,add_monthly_stock_data,UTHR,single positional indexer is out-of-bounds
2024-02-03 13:57:25,add_monthly_stock_data,UTHR,single positional indexer is out-of-bounds
2024-02-03 13:57:25,add_monthly_stock_data,UTHR,single positional indexer is out-of-bounds
2024-02-03 13:57:25,add_monthly_stock_data,UTHR,single positional indexer is out-of-bounds
2024-02-03 13:57:25,add_monthly_stock_data,UTHR,single positional indexer is out-of-bounds
2024-02-03 13:57:25,add_monthly_stock_data,UTHR,single positional indexer is out-of-bounds
2024-02-03 13:57:25,add_monthly_stock_data,UTHR,single positional indexer is out-of-bounds
2024-02-03 13:57:25,add_monthly_stock_data,UTHR,single positional indexer is out-of-bounds
2024-02-03 13:57:25,add_monthly_stock_data,UTHR,single positional indexer is out-of-bounds
2024-02-03 13:57:25,add_monthly_stock_data,UTHR,single positional indexer is out-of-bounds
2024-02-03 13:57:25,add_monthly_stock_data,UTHR,single positional indexer is out-of-bounds
2024-02-03 13:57:25,add_monthly_stock_data,UTHR,single positional indexer is out-of-bounds
2024-02-03 13:57:25,add_monthly_stock_data,UTHR,single positional indexer is out-of-bounds
2024-02-03 13:57:25,add_monthly_stock_data,UTHR,single positional indexer is out-of-bounds
2024-02-03 13:57:25,add_monthly_stock_data,UTHR,single positional indexer is out-of-bounds
2024-02-03 13:57:25,add_monthly_stock_data,UTHR,single positional indexer is out-of-bounds
2024-02-03 13:57:25,add_monthly_stock_data,UTHR,single positional indexer is out-of-bounds
2024-02-03 13:57:25,add_monthly_stock_data,UTHR,single positional indexer is out-of-bounds
2024-02-03 13:57:25,add_monthly_stock_data,UTHR,single positional indexer is out-of-bounds
2024-02-03 13:57:25,add_monthly_stock_data,UTHR,single positional indexer is out-of-bounds
2024-02-03 13:57:25,add_monthly_stock_data,UTHR,single positional indexer is out-of-bounds
2024-02-03 13:57:25,add_monthly_stock_data,UTHR,single positional indexer is out-of-bounds
2024-02-03 13:57:25,add_monthly_stock_data,UTHR,single positional indexer is out-of-bounds
2024-02-03 13:57:25,add_monthly_stock_data,UTHR,single positional indexer is out-of-bounds
2024-02-03 13:57:25,add_monthly_stock_data,UTHR,single positional indexer is out-of-bounds
2024-02-03 13:57:25,add_monthly_stock_data,UTHR,single positional indexer is out-of-bounds
2024-02-03 13:57:25,add_monthly_stock_data,UTHR,single positional indexer is out-of-bounds
2024-02-03 13:57:25,add_monthly_stock_data,UTHR,single positional indexer is out-of-bounds
2024-02-03 13:57:27,add_monthly_stock_data,ACLS,single positional indexer is out-of-bounds
2024-02-03 13:57:27,add_monthly_stock_data,ACLS,single positional indexer is out-of-bounds
2024-02-03 13:57:27,add_monthly_stock_data,ACLS,single positional indexer is out-of-bounds
2024-02-03 13:57:27,add_monthly_stock_data,ACLS,single positional indexer is out-of-bounds
2024-02-03 13:57:27,add_monthly_stock_data,ACLS,single positional indexer is out-of-bounds
2024-02-03 13:57:27,add_monthly_stock_data,ACLS,single positional indexer is out-of-bounds
2024-02-03 13:57:27,add_monthly_stock_data,ACLS,single positional indexer is out-of-bounds
2024-02-03 13:57:27,add_monthly_stock_data,ACLS,single positional indexer is out-of-bounds
2024-02-03 13:57:27,add_monthly_stock_data,ACLS,single positional indexer is out-of-bounds
2024-02-03 13:57:27,add_monthly_stock_data,ACLS,single positional indexer is out-of-bounds
2024-02-03 13:57:27,add_monthly_stock_data,ACLS,single positional indexer is out-of-bounds
2024-02-03 13:57:27,add_monthly_stock_data,ACLS,single positional indexer is out-of-bounds
2024-02-03 13:57:27,add_monthly_stock_data,ACLS,single positional indexer is out-of-bounds
2024-02-03 13:57:27,add_monthly_stock_data,ACLS,single positional indexer is out-of-bounds
2024-02-03 13:57:27,add_monthly_stock_data,ACLS,single positional indexer is out-of-bounds
2024-02-03 13:57:27,add_monthly_stock_data,ACLS,single positional indexer is out-of-bounds
2024-02-03 13:57:27,add_monthly_stock_data,ACLS,single positional indexer is out-of-bounds
2024-02-03 13:57:27,add_monthly_stock_data,ACLS,single positional indexer is out-of-bounds
2024-02-03 13:57:27,add_monthly_stock_data,ACLS,single positional indexer is out-of-bounds
2024-02-03 13:57:27,add_monthly_stock_data,ACLS,single positional indexer is out-of-bounds
2024-02-03 13:57:27,add_monthly_stock_data,ACLS,single positional indexer is out-of-bounds
2024-02-03 13:57:27,add_monthly_stock_data,ACLS,single positional indexer is out-of-bounds
2024-02-03 13:57:27,add_monthly_stock_data,ACLS,single positional indexer is out-of-bounds
2024-02-03 13:57:27,add_monthly_stock_data,ACLS,single positional indexer is out-of-bounds
2024-02-03 13:57:27,add_monthly_stock_data,ACLS,single positional indexer is out-of-bounds
2024-02-03 13:57:27,add_monthly_stock_data,ACLS,single positional indexer is out-of-bounds
2024-02-03 13:57:27,add_monthly_stock_data,ACLS,single positional indexer is out-of-bounds
2024-02-03 13:57:27,add_monthly_stock_data,ACLS,single positional indexer is out-of-bounds
2024-02-03 13:57:27,add_monthly_stock_data,ACLS,single positional indexer is out-of-bounds
2024-02-03 13:57:27,add_monthly_stock_data,ACLS,single positional indexer is out-of-bounds
2024-02-03 13:57:27,add_monthly_stock_data,ACLS,single positional indexer is out-of-bounds
2024-02-03 13:57:29,add_monthly_stock_data,DIT,single positional indexer is out-of-bounds
2024-02-03 13:57:29,add_monthly_stock_data,DIT,single positional indexer is out-of-bounds
2024-02-03 13:57:29,add_monthly_stock_data,DIT,single positional indexer is out-of-bounds
2024-02-03 13:57:29,add_monthly_stock_data,DIT,single positional indexer is out-of-bounds
2024-02-03 13:57:29,add_monthly_stock_data,DIT,single positional indexer is out-of-bounds
2024-02-03 13:57:29,add_monthly_stock_data,DIT,single positional indexer is out-of-bounds
2024-02-03 13:57:29,add_monthly_stock_data,DIT,single positional indexer is out-of-bounds
2024-02-03 13:57:29,add_monthly_stock_data,DIT,single positional indexer is out-of-bounds
2024-02-03 13:57:29,add_monthly_stock_data,DIT,single positional indexer is out-of-bounds
2024-02-03 13:57:29,add_monthly_stock_data,DIT,single positional indexer is out-of-bounds
2024-02-03 13:57:29,add_monthly_stock_data,DIT,single positional indexer is out-of-bounds
2024-02-03 13:57:29,add_monthly_stock_data,DIT,single positional indexer is out-of-bounds
2024-02-03 13:57:29,add_monthly_stock_data,DIT,single positional indexer is out-of-bounds
2024-02-03 13:57:29,add_monthly_stock_data,DIT,single positional indexer is out-of-bounds
2024-02-03 13:57:29,add_monthly_stock_data,DIT,single positional indexer is out-of-bounds
2024-02-03 13:57:29,add_monthly_stock_data,DIT,single positional indexer is out-of-bounds
2024-02-03 13:57:29,add_monthly_stock_data,DIT,single positional indexer is out-of-bounds
2024-02-03 13:57:29,add_monthly_stock_data,DIT,single positional indexer is out-of-bounds
2024-02-03 13:57:29,add_monthly_stock_data,DIT,single positional indexer is out-of-bounds
2024-02-03 13:57:29,add_monthly_stock_data,DIT,single positional indexer is out-of-bounds
2024-02-03 13:57:29,add_monthly_stock_data,DIT,single positional indexer is out-of-bounds
2024-02-03 13:57:29,add_monthly_stock_data,DIT,single positional indexer is out-of-bounds
2024-02-03 13:57:29,add_monthly_stock_data,DIT,single positional indexer is out-of-bounds
2024-02-03 13:57:29,add_monthly_stock_data,DIT,single positional indexer is out-of-bounds
2024-02-03 13:57:29,add_monthly_stock_data,DIT,single positional indexer is out-of-bounds
2024-02-03 13:57:29,add_monthly_stock_data,DIT,single positional indexer is out-of-bounds
2024-02-03 13:57:29,add_monthly_stock_data,DIT,single positional indexer is out-of-bounds
2024-02-03 13:57:29,add_monthly_stock_data,DIT,single positional indexer is out-of-bounds
2024-02-03 13:57:29,add_monthly_stock_data,DIT,single positional indexer is out-of-bounds
2024-02-03 13:57:29,add_monthly_stock_data,DIT,single positional indexer is out-of-bounds
2024-02-03 13:57:29,add_monthly_stock_data,DIT,single positional indexer is out-of-bounds
2024-02-03 13:57:31,add_monthly_stock_data,GPC,single positional indexer is out-of-bounds
2024-02-03 13:57:31,add_monthly_stock_data,GPC,single positional indexer is out-of-bounds
2024-02-03 13:57:31,add_monthly_stock_data,GPC,single positional indexer is out-of-bounds
2024-02-03 13:57:31,add_monthly_stock_data,GPC,single positional indexer is out-of-bounds
2024-02-03 13:57:31,add_monthly_stock_data,GPC,single positional indexer is out-of-bounds
2024-02-03 13:57:31,add_monthly_stock_data,GPC,single positional indexer is out-of-bounds
2024-02-03 13:57:31,add_monthly_stock_data,GPC,single positional indexer is out-of-bounds
2024-02-03 13:57:31,add_monthly_stock_data,GPC,single positional indexer is out-of-bounds
2024-02-03 13:57:31,add_monthly_stock_data,GPC,single positional indexer is out-of-bounds
2024-02-03 13:57:31,add_monthly_stock_data,GPC,single positional indexer is out-of-bounds
2024-02-03 13:57:31,add_monthly_stock_data,GPC,single positional indexer is out-of-bounds
2024-02-03 13:57:31,add_monthly_stock_data,GPC,single positional indexer is out-of-bounds
2024-02-03 13:57:31,add_monthly_stock_data,GPC,single positional indexer is out-of-bounds
2024-02-03 13:57:31,add_monthly_stock_data,GPC,single positional indexer is out-of-bounds
2024-02-03 13:57:31,add_monthly_stock_data,GPC,single positional indexer is out-of-bounds
2024-02-03 13:57:31,add_monthly_stock_data,GPC,single positional indexer is out-of-bounds
2024-02-03 13:57:31,add_monthly_stock_data,GPC,single positional indexer is out-of-bounds
2024-02-03 13:57:31,add_monthly_stock_data,GPC,single positional indexer is out-of-bounds
2024-02-03 13:57:31,add_monthly_stock_data,GPC,single positional indexer is out-of-bounds
2024-02-03 13:57:31,add_monthly_stock_data,GPC,single positional indexer is out-of-bounds
2024-02-03 13:57:31,add_monthly_stock_data,GPC,single positional indexer is out-of-bounds
2024-02-03 13:57:31,add_monthly_stock_data,GPC,single positional indexer is out-of-bounds
2024-02-03 13:57:31,add_monthly_stock_data,GPC,single positional indexer is out-of-bounds
2024-02-03 13:57:31,add_monthly_stock_data,GPC,single positional indexer is out-of-bounds
2024-02-03 13:57:31,add_monthly_stock_data,GPC,single positional indexer is out-of-bounds
2024-02-03 13:57:31,add_monthly_stock_data,GPC,single positional indexer is out-of-bounds
2024-02-03 13:57:31,add_monthly_stock_data,GPC,single positional indexer is out-of-bounds
2024-02-03 13:57:31,add_monthly_stock_data,GPC,single positional indexer is out-of-bounds
2024-02-03 13:57:31,add_monthly_stock_data,GPC,single positional indexer is out-of-bounds
2024-02-03 13:57:31,add_monthly_stock_data,GPC,single positional indexer is out-of-bounds
2024-02-03 13:57:31,add_monthly_stock_data,GPC,single positional indexer is out-of-bounds
2024-02-03 13:57:32,add_monthly_stock_data,BHP,single positional indexer is out-of-bounds
2024-02-03 13:57:32,add_monthly_stock_data,BHP,single positional indexer is out-of-bounds
2024-02-03 13:57:32,add_monthly_stock_data,BHP,single positional indexer is out-of-bounds
2024-02-03 13:57:32,add_monthly_stock_data,BHP,single positional indexer is out-of-bounds
2024-02-03 13:57:32,add_monthly_stock_data,BHP,single positional indexer is out-of-bounds
2024-02-03 13:57:32,add_monthly_stock_data,BHP,single positional indexer is out-of-bounds
2024-02-03 13:57:32,add_monthly_stock_data,BHP,single positional indexer is out-of-bounds
2024-02-03 13:57:32,add_monthly_stock_data,BHP,single positional indexer is out-of-bounds
2024-02-03 13:57:32,add_monthly_stock_data,BHP,single positional indexer is out-of-bounds
2024-02-03 13:57:32,add_monthly_stock_data,BHP,single positional indexer is out-of-bounds
2024-02-03 13:57:32,add_monthly_stock_data,BHP,single positional indexer is out-of-bounds
2024-02-03 13:57:32,add_monthly_stock_data,BHP,single positional indexer is out-of-bounds
2024-02-03 13:57:32,add_monthly_stock_data,BHP,single positional indexer is out-of-bounds
2024-02-03 13:57:32,add_monthly_stock_data,BHP,single positional indexer is out-of-bounds
2024-02-03 13:57:32,add_monthly_stock_data,BHP,single positional indexer is out-of-bounds
2024-02-03 13:57:33,add_monthly_stock_data,BHP,single positional indexer is out-of-bounds
2024-02-03 13:57:33,add_monthly_stock_data,BHP,single positional indexer is out-of-bounds
2024-02-03 13:57:33,add_monthly_stock_data,BHP,single positional indexer is out-of-bounds
2024-02-03 13:57:33,add_monthly_stock_data,BHP,single positional indexer is out-of-bounds
2024-02-03 13:57:33,add_monthly_stock_data,BHP,single positional indexer is out-of-bounds
2024-02-03 13:57:33,add_monthly_stock_data,BHP,single positional indexer is out-of-bounds
2024-02-03 13:57:33,add_monthly_stock_data,BHP,single positional indexer is out-of-bounds
2024-02-03 13:57:33,add_monthly_stock_data,BHP,single positional indexer is out-of-bounds
2024-02-03 13:57:33,add_monthly_stock_data,BHP,single positional indexer is out-of-bounds
2024-02-03 13:57:33,add_monthly_stock_data,BHP,single positional indexer is out-of-bounds
2024-02-03 13:57:33,add_monthly_stock_data,BHP,single positional indexer is out-of-bounds
2024-02-03 13:57:33,add_monthly_stock_data,BHP,single positional indexer is out-of-bounds
2024-02-03 13:57:33,add_monthly_stock_data,BHP,single positional indexer is out-of-bounds
2024-02-03 13:57:33,add_monthly_stock_data,BHP,single positional indexer is out-of-bounds
2024-02-03 13:57:33,add_monthly_stock_data,BHP,single positional indexer is out-of-bounds
2024-02-03 13:57:33,add_monthly_stock_data,BHP,single positional indexer is out-of-bounds
